<?xml version="1.0" encoding="UTF-8"?>
<!--
To change this license header, choose License Headers in Project Properties.
To change this template file, choose Tools | Templates
and open the template in the editor.
-->

<hibernate-mapping>
  <class name="com.mycompany.pojo.Advert" table="tbl_advert">
    <id column="id" name="id" type="long">
      <generator class="native"/>
    </id>
    <property column="message" name="message" type="string"/>
    <property column="title" name="title" type="string"/>
    <many-to-one class="com.mycompany.pojo.User" column="user" foreign-key="fk_advert_user" name="user" not-null="true"/>
  </class>
</hibernate-mapping>