<?xml version="1.0" encoding="UTF-8"?>
<!--
To change this license header, choose License Headers in Project Properties.
To change this template file, choose Tools | Templates
and open the template in the editor.
-->

<hibernate-mapping>
  <class name="com.mycompany.pojo.Category" table="tbl_category">
    <id column="id" name="id" type="long">
      <generator class="native"/>
    </id>
    <property column="title" name="title" type="string" unique="true"/>
    <set name="adverts" table="link_category_advert">
      <key column="category" foreign-key="fk_advert_category"/>
      <many-to-many class="com.mycompany.pojo.Advert" column="advert" foreign-key="fk_category_advert"/>
    </set>
  </class>
</hibernate-mapping>
